time,well_id,pumping_hours
2020-01-01,1,4.1
2020-02-01,1,6
2020-03-01,1,7.3
2020-04-01,1,8.4
2020-05-01,1,8.3
2020-06-01,1,8.5
2020-07-01,1,6.8
2020-08-01,1,6.5
2020-09-01,1,5.2
2020-10-01,1,4.7
2020-11-01,1,3.8
2020-12-01,1,4.2
2021-01-01,1,5.3
2021-02-01,1,6
2021-03-01,1,6.6
2021-04-01,1,8.6
2021-05-01,1,7.5
2021-06-01,1,7.7
2021-07-01,1,7
2021-08-01,1,6
2021-09-01,1,4.7
2021-10-01,1,4
2021-11-01,1,4
2021-12-01,1,4.2
2022-01-01,1,4.4
2022-02-01,1,6.3
2022-03-01,1,7.5
2022-04-01,1,8.1
2022-05-01,1,8.4
2022-06-01,1,7.6
2022-07-01,1,6.3
2022-08-01,1,6
2022-09-01,1,5
2022-10-01,1,4.1
2022-11-01,1,4
2022-12-01,1,5
2023-01-01,1,5.4
2023-02-01,1,6.6
2023-03-01,1,7.1
2023-04-01,1,7.9
2023-05-01,1,8.3
2023-06-01,1,7
2023-07-01,1,6.6
2023-08-01,1,5.7
2023-09-01,1,4.7
2023-10-01,1,4.2
2023-11-01,1,3.6
2023-12-01,1,3.8
2024-01-01,1,4.8
2024-02-01,1,6.2
2024-03-01,1,7.1
2024-04-01,1,8.4
2024-05-01,1,8.6
2024-06-01,1,7.6
2024-07-01,1,7.6
2024-08-01,1,5.7
2024-09-01,1,5.5
2024-10-01,1,3.8
2024-11-01,1,4.5
2024-12-01,1,3.5
2025-01-01,1,4.5
2025-02-01,1,6.3
2025-03-01,1,6.6
2025-04-01,1,7.8
2025-05-01,1,8
2025-06-01,1,7.7
2025-07-01,1,7.1
2025-08-01,1,5.9
2025-09-01,1,5.7
2025-10-01,1,4.2
2025-11-01,1,4.3
2025-12-01,1,4.2
2020-01-01,2,5.6
2020-02-01,2,6
2020-03-01,2,6.7
2020-04-01,2,7.7
2020-05-01,2,8.5
2020-06-01,2,7.8
2020-07-01,2,6.2
2020-08-01,2,6.1
2020-09-01,2,5.3
2020-10-01,2,4
2020-11-01,2,4
2020-12-01,2,3.7
2021-01-01,2,5
2021-02-01,2,5.9
2021-03-01,2,6.7
2021-04-01,2,7.7
2021-05-01,2,8.6
2021-06-01,2,7.5
2021-07-01,2,7.1
2021-08-01,2,6.6
2021-09-01,2,4.6
2021-10-01,2,3.8
2021-11-01,2,3
2021-12-01,2,3.9
2022-01-01,2,4.6
2022-02-01,2,6.1
2022-03-01,2,7
2022-04-01,2,7.8
2022-05-01,2,7.5
2022-06-01,2,7.8
2022-07-01,2,7
2022-08-01,2,6
2022-09-01,2,4.9
2022-10-01,2,4.6
2022-11-01,2,4.1
2022-12-01,2,4.9
2023-01-01,2,5
2023-02-01,2,6.5
2023-03-01,2,7.3
2023-04-01,2,7.9
2023-05-01,2,8
2023-06-01,2,7.7
2023-07-01,2,6.5
2023-08-01,2,6
2023-09-01,2,5
2023-10-01,2,4.8
2023-11-01,2,3.4
2023-12-01,2,4.4
2024-01-01,2,5.7
2024-02-01,2,5.8
2024-03-01,2,7.5
2024-04-01,2,7.5
2024-05-01,2,7.9
2024-06-01,2,7.8
2024-07-01,2,6.9
2024-08-01,2,6.3
2024-09-01,2,4.8
2024-10-01,2,3.3
2024-11-01,2,4.2
2024-12-01,2,4.4
2025-01-01,2,4.8
2025-02-01,2,5.8
2025-03-01,2,7
2025-04-01,2,7.8
2025-05-01,2,7
2025-06-01,2,7.3
2025-07-01,2,6.3
2025-08-01,2,6.3
2025-09-01,2,4.5
2025-10-01,2,4.3
2025-11-01,2,4.2
2025-12-01,2,4.3
2020-01-01,3,4.7
2020-02-01,3,6
2020-03-01,3,7.6
2020-04-01,3,8.7
2020-05-01,3,8.3
2020-06-01,3,8
2020-07-01,3,7.1
2020-08-01,3,6.7
2020-09-01,3,4.6
2020-10-01,3,3.9
2020-11-01,3,3.7
2020-12-01,3,3.8
2021-01-01,3,5.6
2021-02-01,3,6.5
2021-03-01,3,7
2021-04-01,3,7.7
2021-05-01,3,8.4
2021-06-01,3,7.7
2021-07-01,3,6.8
2021-08-01,3,5.8
2021-09-01,3,4.9
2021-10-01,3,4.3
2021-11-01,3,4
2021-12-01,3,4.2
2022-01-01,3,5.3
2022-02-01,3,6.2
2022-03-01,3,6.8
2022-04-01,3,7.5
2022-05-01,3,7.7
2022-06-01,3,7.5
2022-07-01,3,7.1
2022-08-01,3,6.4
2022-09-01,3,4.4
2022-10-01,3,3.7
2022-11-01,3,4.2
2022-12-01,3,4.2
2023-01-01,3,4.9
2023-02-01,3,5.6
2023-03-01,3,7.2
2023-04-01,3,8
2023-05-01,3,8.2
2023-06-01,3,7.2
2023-07-01,3,7.7
2023-08-01,3,5.9
2023-09-01,3,5
2023-10-01,3,3.5
2023-11-01,3,3.7
2023-12-01,3,4
2024-01-01,3,4.9
2024-02-01,3,5.1
2024-03-01,3,6.8
2024-04-01,3,7.5
2024-05-01,3,8
2024-06-01,3,6.8
2024-07-01,3,7.1
2024-08-01,3,6.1
2024-09-01,3,4
2024-10-01,3,4.1
2024-11-01,3,4
2024-12-01,3,4.1
2025-01-01,3,5.3
2025-02-01,3,5.7
2025-03-01,3,6.9
2025-04-01,3,8.1
2025-05-01,3,7.8
2025-06-01,3,7.6
2025-07-01,3,6.8
2025-08-01,3,5.5
2025-09-01,3,4.7
2025-10-01,3,3.7
2025-11-01,3,4.1
2025-12-01,3,4.2
2020-01-01,4,4.7
2020-02-01,4,7.2
2020-03-01,4,6.7
2020-04-01,4,8.1
2020-05-01,4,7.8
2020-06-01,4,8
2020-07-01,4,6.8
2020-08-01,4,5.5
2020-09-01,4,4.7
2020-10-01,4,3.9
2020-11-01,4,4
2020-12-01,4,4.4
2021-01-01,4,5.5
2021-02-01,4,6.2
2021-03-01,4,7.1
2021-04-01,4,7.9
2021-05-01,4,8.3
2021-06-01,4,7.9
2021-07-01,4,7.5
2021-08-01,4,5.7
2021-09-01,4,4.8
2021-10-01,4,4.3
2021-11-01,4,3.9
2021-12-01,4,4.1
2022-01-01,4,5.4
2022-02-01,4,6.8
2022-03-01,4,7.1
2022-04-01,4,7.6
2022-05-01,4,7.6
2022-06-01,4,7.8
2022-07-01,4,6.7
2022-08-01,4,6.3
2022-09-01,4,4.9
2022-10-01,4,4.4
2022-11-01,4,3.8
2022-12-01,4,4.8
2023-01-01,4,4
2023-02-01,4,6.2
2023-03-01,4,7
2023-04-01,4,7.7
2023-05-01,4,8.4
2023-06-01,4,7.6
2023-07-01,4,7
2023-08-01,4,5.6
2023-09-01,4,4.9
2023-10-01,4,4
2023-11-01,4,4.4
2023-12-01,4,3.7
2024-01-01,4,4.4
2024-02-01,4,6.3
2024-03-01,4,7
2024-04-01,4,7.9
2024-05-01,4,8
2024-06-01,4,7
2024-07-01,4,6.9
2024-08-01,4,5.5
2024-09-01,4,4.6
2024-10-01,4,4.5
2024-11-01,4,3.9
2024-12-01,4,4.7
2025-01-01,4,5.3
2025-02-01,4,5.6
2025-03-01,4,6.8
2025-04-01,4,7.7
2025-05-01,4,7.6
2025-06-01,4,8
2025-07-01,4,7.2
2025-08-01,4,5.9
2025-09-01,4,5
2025-10-01,4,4.1
2025-11-01,4,4.4
2025-12-01,4,4.5
2020-01-01,5,4.9
2020-02-01,5,5.9
2020-03-01,5,7.6
2020-04-01,5,7.6
2020-05-01,5,7.8
2020-06-01,5,7.6
2020-07-01,5,6.9
2020-08-01,5,5.9
2020-09-01,5,5.4
2020-10-01,5,4.8
2020-11-01,5,4.4
2020-12-01,5,4.2
2021-01-01,5,5.1
2021-02-01,5,6.3
2021-03-01,5,6.9
2021-04-01,5,7.2
2021-05-01,5,7.9
2021-06-01,5,8.3
2021-07-01,5,7.2
2021-08-01,5,5.9
2021-09-01,5,4.7
2021-10-01,5,3.8
2021-11-01,5,4.4
2021-12-01,5,4.5
2022-01-01,5,5.2
2022-02-01,5,6.5
2022-03-01,5,6.1
2022-04-01,5,7.7
2022-05-01,5,8.6
2022-06-01,5,7.7
2022-07-01,5,6.8
2022-08-01,5,6.2
2022-09-01,5,4.6
2022-10-01,5,3
2022-11-01,5,3.3
2022-12-01,5,4.7
2023-01-01,5,4.9
2023-02-01,5,6.4
2023-03-01,5,7
2023-04-01,5,7.1
2023-05-01,5,8
2023-06-01,5,8.2
2023-07-01,5,7.5
2023-08-01,5,6.8
2023-09-01,5,4.5
2023-10-01,5,4.6
2023-11-01,5,4
2023-12-01,5,4
2024-01-01,5,4.6
2024-02-01,5,5.8
2024-03-01,5,7.2
2024-04-01,5,8.6
2024-05-01,5,8.8
2024-06-01,5,8
2024-07-01,5,6.8
2024-08-01,5,5.5
2024-09-01,5,4.5
2024-10-01,5,4.1
2024-11-01,5,4.4
2024-12-01,5,4
2025-01-01,5,4.7
2025-02-01,5,5.4
2025-03-01,5,7.1
2025-04-01,5,7.8
2025-05-01,5,7.3
2025-06-01,5,8.9
2025-07-01,5,6.9
2025-08-01,5,6.4
2025-09-01,5,5.2
2025-10-01,5,4.3
2025-11-01,5,3.6
2025-12-01,5,5
2020-01-01,6,4.8
2020-02-01,6,5.9
2020-03-01,6,6.5
2020-04-01,6,8.4
2020-05-01,6,7.8
2020-06-01,6,8
2020-07-01,6,6.7
2020-08-01,6,6.1
2020-09-01,6,5.1
2020-10-01,6,4.7
2020-11-01,6,4.5
2020-12-01,6,3.6
2021-01-01,6,4.6
2021-02-01,6,6.2
2021-03-01,6,7.5
2021-04-01,6,7.7
2021-05-01,6,8.4
2021-06-01,6,7.8
2021-07-01,6,6.7
2021-08-01,6,5.8
2021-09-01,6,4.4
2021-10-01,6,3.8
2021-11-01,6,4.2
2021-12-01,6,3.9
2022-01-01,6,5.1
2022-02-01,6,5.7
2022-03-01,6,6.7
2022-04-01,6,7.1
2022-05-01,6,7.8
2022-06-01,6,8.5
2022-07-01,6,6.4
2022-08-01,6,6.3
2022-09-01,6,5.6
2022-10-01,6,4.2
2022-11-01,6,4.4
2022-12-01,6,4.2
2023-01-01,6,5
2023-02-01,6,5.6
2023-03-01,6,7.2
2023-04-01,6,8.7
2023-05-01,6,8.4
2023-06-01,6,7.5
2023-07-01,6,6.6
2023-08-01,6,5.7
2023-09-01,6,4.8
2023-10-01,6,4.3
2023-11-01,6,4
2023-12-01,6,5
2024-01-01,6,5.3
2024-02-01,6,6.3
2024-03-01,6,6.3
2024-04-01,6,7.5
2024-05-01,6,7.3
2024-06-01,6,7.5
2024-07-01,6,6.6
2024-08-01,6,6
2024-09-01,6,4.8
2024-10-01,6,4
2024-11-01,6,4
2024-12-01,6,4.5
2025-01-01,6,5.3
2025-02-01,6,5.2
2025-03-01,6,6.9
2025-04-01,6,7.4
2025-05-01,6,7.9
2025-06-01,6,7.7
2025-07-01,6,7.1
2025-08-01,6,6.4
2025-09-01,6,4.6
2025-10-01,6,3.8
2025-11-01,6,3.1
2025-12-01,6,3
2020-01-01,7,5.3
2020-02-01,7,5.2
2020-03-01,7,7.7
2020-04-01,7,7.2
2020-05-01,7,8.3
2020-06-01,7,8.1
2020-07-01,7,7.2
2020-08-01,7,6.3
2020-09-01,7,5.3
2020-10-01,7,4.1
2020-11-01,7,4
2020-12-01,7,4.3
2021-01-01,7,5
2021-02-01,7,6
2021-03-01,7,7
2021-04-01,7,7.4
2021-05-01,7,8.1
2021-06-01,7,7.5
2021-07-01,7,6.4
2021-08-01,7,6.9
2021-09-01,7,4.9
2021-10-01,7,4
2021-11-01,7,3.4
2021-12-01,7,4.3
2022-01-01,7,5
2022-02-01,7,6.1
2022-03-01,7,6.5
2022-04-01,7,8.1
2022-05-01,7,9.1
2022-06-01,7,7.8
2022-07-01,7,7.1
2022-08-01,7,6.3
2022-09-01,7,5
2022-10-01,7,4.5
2022-11-01,7,3.7
2022-12-01,7,4.4
2023-01-01,7,4.7
2023-02-01,7,5.9
2023-03-01,7,7.2
2023-04-01,7,7.4
2023-05-01,7,7.8
2023-06-01,7,7.6
2023-07-01,7,7.1
2023-08-01,7,5.4
2023-09-01,7,4.6
2023-10-01,7,4
2023-11-01,7,4.3
2023-12-01,7,4.4
2024-01-01,7,5.4
2024-02-01,7,5.9
2024-03-01,7,7.5
2024-04-01,7,7.3
2024-05-01,7,8.1
2024-06-01,7,7.1
2024-07-01,7,6.6
2024-08-01,7,6.3
2024-09-01,7,4.8
2024-10-01,7,4.8
2024-11-01,7,3.8
2024-12-01,7,3.3
2025-01-01,7,5
2025-02-01,7,5.6
2025-03-01,7,6.3
2025-04-01,7,7.1
2025-05-01,7,7.6
2025-06-01,7,7.6
2025-07-01,7,7.9
2025-08-01,7,5.6
2025-09-01,7,5.1
2025-10-01,7,3.7
2025-11-01,7,3.8
2025-12-01,7,4.5
2020-01-01,8,4.5
2020-02-01,8,5.3
2020-03-01,8,6.8
2020-04-01,8,7.6
2020-05-01,8,7.6
2020-06-01,8,7.6
2020-07-01,8,6.3
2020-08-01,8,5.7
2020-09-01,8,5
2020-10-01,8,4.7
2020-11-01,8,4.4
2020-12-01,8,4
2021-01-01,8,5.6
2021-02-01,8,5.9
2021-03-01,8,7.2
2021-04-01,8,8.1
2021-05-01,8,8.5
2021-06-01,8,7.4
2021-07-01,8,6.9
2021-08-01,8,5.7
2021-09-01,8,5.3
2021-10-01,8,3.8
2021-11-01,8,3.8
2021-12-01,8,3.9
2022-01-01,8,5
2022-02-01,8,6.7
2022-03-01,8,7
2022-04-01,8,7.8
2022-05-01,8,9
2022-06-01,8,6.7
2022-07-01,8,6.3
2022-08-01,8,6.6
2022-09-01,8,3.9
2022-10-01,8,3.9
2022-11-01,8,3.7
2022-12-01,8,3.9
2023-01-01,8,4.9
2023-02-01,8,6.6
2023-03-01,8,7.2
2023-04-01,8,8.1
2023-05-01,8,8.2
2023-06-01,8,8.1
2023-07-01,8,6.8
2023-08-01,8,5.4
2023-09-01,8,5
2023-10-01,8,4
2023-11-01,8,3.7
2023-12-01,8,5.2
2024-01-01,8,5.4
2024-02-01,8,5.8
2024-03-01,8,7.3
2024-04-01,8,7.9
2024-05-01,8,8.2
2024-06-01,8,8.7
2024-07-01,8,7.1
2024-08-01,8,6
2024-09-01,8,4.8
2024-10-01,8,4.2
2024-11-01,8,4
2024-12-01,8,3.5
2025-01-01,8,5.2
2025-02-01,8,6
2025-03-01,8,7.2
2025-04-01,8,7.8
2025-05-01,8,7.9
2025-06-01,8,7
2025-07-01,8,6.9
2025-08-01,8,7
2025-09-01,8,5.2
2025-10-01,8,3.6
2025-11-01,8,4.4
2025-12-01,8,4.1
2020-01-01,9,4.3
2020-02-01,9,5.8
2020-03-01,9,7.8
2020-04-01,9,7.9
2020-05-01,9,8.3
2020-06-01,9,8
2020-07-01,9,7.1
2020-08-01,9,5.6
2020-09-01,9,5.3
2020-10-01,9,4.4
2020-11-01,9,3.5
2020-12-01,9,4.8
2021-01-01,9,5.3
2021-02-01,9,6.1
2021-03-01,9,6.9
2021-04-01,9,7.9
2021-05-01,9,7.9
2021-06-01,9,7.3
2021-07-01,9,7
2021-08-01,9,5.8
2021-09-01,9,5.6
2021-10-01,9,4.2
2021-11-01,9,3.9
2021-12-01,9,4.5
2022-01-01,9,4
2022-02-01,9,6.5
2022-03-01,9,6.2
2022-04-01,9,7.3
2022-05-01,9,8.1
2022-06-01,9,7.1
2022-07-01,9,6.8
2022-08-01,9,6.2
2022-09-01,9,4.4
2022-10-01,9,4.6
2022-11-01,9,4.2
2022-12-01,9,4
2023-01-01,9,5.1
2023-02-01,9,5.7
2023-03-01,9,6.9
2023-04-01,9,6.9
2023-05-01,9,8.4
2023-06-01,9,8.5
2023-07-01,9,6.9
2023-08-01,9,6.3
2023-09-01,9,4.2
2023-10-01,9,4.2
2023-11-01,9,4
2023-12-01,9,5.2
2024-01-01,9,4.1
2024-02-01,9,6.3
2024-03-01,9,6.9
2024-04-01,9,6.7
2024-05-01,9,8.1
2024-06-01,9,7.5
2024-07-01,9,7
2024-08-01,9,6.2
2024-09-01,9,5
2024-10-01,9,4.3
2024-11-01,9,4.2
2024-12-01,9,3.7
2025-01-01,9,5.5
2025-02-01,9,6.3
2025-03-01,9,6.8
2025-04-01,9,8
2025-05-01,9,8.3
2025-06-01,9,7.7
2025-07-01,9,7
2025-08-01,9,5.3
2025-09-01,9,4.6
2025-10-01,9,4.1
2025-11-01,9,3.8
2025-12-01,9,4.2
2020-01-01,10,4.5
2020-02-01,10,5.7
2020-03-01,10,7.3
2020-04-01,10,7.2
2020-05-01,10,8.1
2020-06-01,10,7.2
2020-07-01,10,7
2020-08-01,10,6.7
2020-09-01,10,4.5
2020-10-01,10,4.1
2020-11-01,10,4
2020-12-01,10,3.8
2021-01-01,10,5
2021-02-01,10,5.9
2021-03-01,10,6.9
2021-04-01,10,7.5
2021-05-01,10,7.9
2021-06-01,10,7.8
2021-07-01,10,6.9
2021-08-01,10,6.1
2021-09-01,10,5.4
2021-10-01,10,3.9
2021-11-01,10,4.6
2021-12-01,10,4.5
2022-01-01,10,5
2022-02-01,10,6.2
2022-03-01,10,7.1
2022-04-01,10,7.7
2022-05-01,10,7.9
2022-06-01,10,7.5
2022-07-01,10,7.1
2022-08-01,10,6
2022-09-01,10,4.6
2022-10-01,10,5
2022-11-01,10,4.4
2022-12-01,10,4
2023-01-01,10,5.3
2023-02-01,10,6.1
2023-03-01,10,7
2023-04-01,10,6.8
2023-05-01,10,7.6
2023-06-01,10,7.2
2023-07-01,10,7.3
2023-08-01,10,6.3
2023-09-01,10,4.6
2023-10-01,10,4.3
2023-11-01,10,4
2023-12-01,10,4.2
2024-01-01,10,5
2024-02-01,10,5.7
2024-03-01,10,6.6
2024-04-01,10,8.4
2024-05-01,10,8.3
2024-06-01,10,7.1
2024-07-01,10,7.2
2024-08-01,10,5.6
2024-09-01,10,5.4
2024-10-01,10,4
2024-11-01,10,3.6
2024-12-01,10,4.4
2025-01-01,10,4.6
2025-02-01,10,6.4
2025-03-01,10,6.5
2025-04-01,10,7.7
2025-05-01,10,7.3
2025-06-01,10,6.9
2025-07-01,10,7
2025-08-01,10,6.4
2025-09-01,10,4.5
2025-10-01,10,4
2025-11-01,10,4.7
2025-12-01,10,4.4
2020-01-01,11,5.5
2020-02-01,11,5.8
2020-03-01,11,6.5
2020-04-01,11,7.3
2020-05-01,11,8.1
2020-06-01,11,8.3
2020-07-01,11,7.1
2020-08-01,11,6.1
2020-09-01,11,5.1
2020-10-01,11,4
2020-11-01,11,3.7
2020-12-01,11,4.1
2021-01-01,11,5
2021-02-01,11,5.6
2021-03-01,11,6.9
2021-04-01,11,7.7
2021-05-01,11,7.8
2021-06-01,11,7.1
2021-07-01,11,6.5
2021-08-01,11,5.7
2021-09-01,11,4.8
2021-10-01,11,3.8
2021-11-01,11,4.1
2021-12-01,11,3.6
2022-01-01,11,4.4
2022-02-01,11,6.2
2022-03-01,11,7.2
2022-04-01,11,8.4
2022-05-01,11,8
2022-06-01,11,7.5
2022-07-01,11,6.9
2022-08-01,11,6
2022-09-01,11,5.5
2022-10-01,11,4.6
2022-11-01,11,4.3
2022-12-01,11,4
2023-01-01,11,4.6
2023-02-01,11,6.1
2023-03-01,11,7.2
2023-04-01,11,7.9
2023-05-01,11,8.2
2023-06-01,11,7.5
2023-07-01,11,7.1
2023-08-01,11,6.1
2023-09-01,11,5
2023-10-01,11,3.8
2023-11-01,11,3.6
2023-12-01,11,3.9
2024-01-01,11,4.8
2024-02-01,11,6.5
2024-03-01,11,7
2024-04-01,11,8
2024-05-01,11,8.3
2024-06-01,11,8.4
2024-07-01,11,6.5
2024-08-01,11,5.4
2024-09-01,11,5.5
2024-10-01,11,4.9
2024-11-01,11,4.1
2024-12-01,11,4.2
2025-01-01,11,5.3
2025-02-01,11,6.1
2025-03-01,11,7.5
2025-04-01,11,7
2025-05-01,11,7.6
2025-06-01,11,7.7
2025-07-01,11,7.1
2025-08-01,11,6
2025-09-01,11,4.7
2025-10-01,11,4.5
2025-11-01,11,4.7
2025-12-01,11,4.6
2020-01-01,12,5.2
2020-02-01,12,6.6
2020-03-01,12,6.5
2020-04-01,12,7.8
2020-05-01,12,8.3
2020-06-01,12,8.5
2020-07-01,12,7.1
2020-08-01,12,6.5
2020-09-01,12,5.7
2020-10-01,12,4.2
2020-11-01,12,4
2020-12-01,12,4.2
2021-01-01,12,4.6
2021-02-01,12,5.7
2021-03-01,12,7.3
2021-04-01,12,7.5
2021-05-01,12,8.4
2021-06-01,12,7.6
2021-07-01,12,6.4
2021-08-01,12,5.2
2021-09-01,12,5
2021-10-01,12,4.1
2021-11-01,12,3.7
2021-12-01,12,3.4
2022-01-01,12,4.8
2022-02-01,12,5.8
2022-03-01,12,7.1
2022-04-01,12,7.4
2022-05-01,12,7.8
2022-06-01,12,8
2022-07-01,12,7.2
2022-08-01,12,5.8
2022-09-01,12,5
2022-10-01,12,3.5
2022-11-01,12,3.6
2022-12-01,12,3.7
2023-01-01,12,5.5
2023-02-01,12,6.5
2023-03-01,12,6.9
2023-04-01,12,7.8
2023-05-01,12,7.8
2023-06-01,12,7.1
2023-07-01,12,6.9
2023-08-01,12,6.8
2023-09-01,12,6
2023-10-01,12,4.5
2023-11-01,12,4.4
2023-12-01,12,4
2024-01-01,12,5.1
2024-02-01,12,5.8
2024-03-01,12,7.7
2024-04-01,12,8.1
2024-05-01,12,7.8
2024-06-01,12,7.1
2024-07-01,12,7.3
2024-08-01,12,5.7
2024-09-01,12,5.3
2024-10-01,12,4.1
2024-11-01,12,3.8
2024-12-01,12,4.1
2025-01-01,12,6.2
2025-02-01,12,6.1
2025-03-01,12,6.6
2025-04-01,12,7.9
2025-05-01,12,8.4
2025-06-01,12,6.9
2025-07-01,12,6.7
2025-08-01,12,6.2
2025-09-01,12,5
2025-10-01,12,4
2025-11-01,12,4
2025-12-01,12,4.4
2020-01-01,13,4.9
2020-02-01,13,6.2
2020-03-01,13,7.4
2020-04-01,13,7.3
2020-05-01,13,8.3
2020-06-01,13,7.8
2020-07-01,13,6.1
2020-08-01,13,6.1
2020-09-01,13,5.2
2020-10-01,13,5
2020-11-01,13,4.2
2020-12-01,13,4.1
2021-01-01,13,4.2
2021-02-01,13,6.6
2021-03-01,13,7.2
2021-04-01,13,8.2
2021-05-01,13,7.8
2021-06-01,13,8.4
2021-07-01,13,6.9
2021-08-01,13,6.6
2021-09-01,13,5.7
2021-10-01,13,4.7
2021-11-01,13,4.2
2021-12-01,13,4.9
2022-01-01,13,5.6
2022-02-01,13,5.1
2022-03-01,13,6.8
2022-04-01,13,7
2022-05-01,13,7.7
2022-06-01,13,8.2
2022-07-01,13,7.2
2022-08-01,13,6.6
2022-09-01,13,4.6
2022-10-01,13,3.8
2022-11-01,13,3.9
2022-12-01,13,4.8
2023-01-01,13,5
2023-02-01,13,5.7
2023-03-01,13,6.7
2023-04-01,13,7.7
2023-05-01,13,8.1
2023-06-01,13,7.6
2023-07-01,13,7.2
2023-08-01,13,6
2023-09-01,13,5.1
2023-10-01,13,3.3
2023-11-01,13,4.1
2023-12-01,13,3.8
2024-01-01,13,4.9
2024-02-01,13,6.2
2024-03-01,13,7.3
2024-04-01,13,7.2
2024-05-01,13,7.9
2024-06-01,13,7.7
2024-07-01,13,7.2
2024-08-01,13,6.5
2024-09-01,13,4.1
2024-10-01,13,4.7
2024-11-01,13,4.5
2024-12-01,13,3.3
2025-01-01,13,4.8
2025-02-01,13,6.2
2025-03-01,13,7.4
2025-04-01,13,7.7
2025-05-01,13,8.2
2025-06-01,13,7.2
2025-07-01,13,7.8
2025-08-01,13,5.1
2025-09-01,13,5.3
2025-10-01,13,4.3
2025-11-01,13,4.4
2025-12-01,13,4.4
2020-01-01,14,5.5
2020-02-01,14,5.8
2020-03-01,14,6.8
2020-04-01,14,7.1
2020-05-01,14,8.2
2020-06-01,14,7.2
2020-07-01,14,7.2
2020-08-01,14,5.6
2020-09-01,14,5.1
2020-10-01,14,4
2020-11-01,14,3.9
2020-12-01,14,4.8
2021-01-01,14,5.3
2021-02-01,14,6.5
2021-03-01,14,6.7
2021-04-01,14,7.6
2021-05-01,14,8.4
2021-06-01,14,7.8
2021-07-01,14,7.3
2021-08-01,14,6.4
2021-09-01,14,5.3
2021-10-01,14,4
2021-11-01,14,3.6
2021-12-01,14,3.5
2022-01-01,14,5.7
2022-02-01,14,4.8
2022-03-01,14,7.5
2022-04-01,14,7.6
2022-05-01,14,8.5
2022-06-01,14,8.2
2022-07-01,14,7.4
2022-08-01,14,5.4
2022-09-01,14,5.2
2022-10-01,14,4
2022-11-01,14,3.4
2022-12-01,14,4.3
2023-01-01,14,4.8
2023-02-01,14,6.1
2023-03-01,14,7
2023-04-01,14,7.9
2023-05-01,14,7.8
2023-06-01,14,7.1
2023-07-01,14,7.4
2023-08-01,14,5.4
2023-09-01,14,5.2
2023-10-01,14,4.3
2023-11-01,14,4.2
2023-12-01,14,4.4
2024-01-01,14,5.4
2024-02-01,14,6
2024-03-01,14,6.9
2024-04-01,14,7.8
2024-05-01,14,8.7
2024-06-01,14,7
2024-07-01,14,7.2
2024-08-01,14,5.7
2024-09-01,14,5.4
2024-10-01,14,3.9
2024-11-01,14,4
2024-12-01,14,5.1
2025-01-01,14,4.9
2025-02-01,14,6
2025-03-01,14,7.4
2025-04-01,14,7.9
2025-05-01,14,8.6
2025-06-01,14,7.4
2025-07-01,14,7.3
2025-08-01,14,6.7
2025-09-01,14,4.8
2025-10-01,14,4.3
2025-11-01,14,4.5
2025-12-01,14,4.2
2020-01-01,15,5
2020-02-01,15,6
2020-03-01,15,7.3
2020-04-01,15,7.4
2020-05-01,15,7.7
2020-06-01,15,7.7
2020-07-01,15,7.3
2020-08-01,15,6.2
2020-09-01,15,5
2020-10-01,15,3.9
2020-11-01,15,3.9
2020-12-01,15,5
2021-01-01,15,4.5
2021-02-01,15,5.8
2021-03-01,15,6.6
2021-04-01,15,8
2021-05-01,15,8.4
2021-06-01,15,8
2021-07-01,15,6.5
2021-08-01,15,5.8
2021-09-01,15,6
2021-10-01,15,4.3
2021-11-01,15,4.6
2021-12-01,15,4.3
2022-01-01,15,3.9
2022-02-01,15,6.1
2022-03-01,15,6.6
2022-04-01,15,7.7
2022-05-01,15,7.7
2022-06-01,15,7.7
2022-07-01,15,6.9
2022-08-01,15,6.7
2022-09-01,15,5.5
2022-10-01,15,4.4
2022-11-01,15,3.9
2022-12-01,15,4.4
2023-01-01,15,5.6
2023-02-01,15,6.2
2023-03-01,15,7
2023-04-01,15,8
2023-05-01,15,7.7
2023-06-01,15,7.5
2023-07-01,15,6.9
2023-08-01,15,5.5
2023-09-01,15,4.8
2023-10-01,15,4.1
2023-11-01,15,3.5
2023-12-01,15,3.8
2024-01-01,15,5
2024-02-01,15,5.9
2024-03-01,15,6.1
2024-04-01,15,7.8
2024-05-01,15,7.8
2024-06-01,15,8
2024-07-01,15,7.2
2024-08-01,15,6.5
2024-09-01,15,4.8
2024-10-01,15,4.2
2024-11-01,15,4.5
2024-12-01,15,4.6
2025-01-01,15,4.6
2025-02-01,15,6.3
2025-03-01,15,7.9
2025-04-01,15,7.3
2025-05-01,15,8
2025-06-01,15,8.2
2025-07-01,15,6.9
2025-08-01,15,5.5
2025-09-01,15,4.8
2025-10-01,15,4.8
2025-11-01,15,4.3
2025-12-01,15,4.2
2020-01-01,16,5.4
2020-02-01,16,6.7
2020-03-01,16,6.7
2020-04-01,16,7.9
2020-05-01,16,8.2
2020-06-01,16,8.2
2020-07-01,16,6.8
2020-08-01,16,5.8
2020-09-01,16,5.4
2020-10-01,16,4.2
2020-11-01,16,3.7
2020-12-01,16,4.2
2021-01-01,16,4.6
2021-02-01,16,5.2
2021-03-01,16,7
2021-04-01,16,8.3
2021-05-01,16,7.5
2021-06-01,16,8.1
2021-07-01,16,7.5
2021-08-01,16,6.1
2021-09-01,16,5.2
2021-10-01,16,3.9
2021-11-01,16,3.7
2021-12-01,16,3.7
2022-01-01,16,4.9
2022-02-01,16,5.5
2022-03-01,16,7.1
2022-04-01,16,7.9
2022-05-01,16,7.7
2022-06-01,16,7.8
2022-07-01,16,6.7
2022-08-01,16,5.6
2022-09-01,16,5
2022-10-01,16,4.5
2022-11-01,16,3.8
2022-12-01,16,4.7
2023-01-01,16,4.8
2023-02-01,16,5.6
2023-03-01,16,7
2023-04-01,16,7.7
2023-05-01,16,8.4
2023-06-01,16,7.8
2023-07-01,16,6.7
2023-08-01,16,5.9
2023-09-01,16,5.2
2023-10-01,16,5.3
2023-11-01,16,4.3
2023-12-01,16,4.4
2024-01-01,16,4.4
2024-02-01,16,6.6
2024-03-01,16,6.8
2024-04-01,16,7.1
2024-05-01,16,8.1
2024-06-01,16,7.2
2024-07-01,16,6.7
2024-08-01,16,5.8
2024-09-01,16,4.6
2024-10-01,16,3.9
2024-11-01,16,3
2024-12-01,16,5
2025-01-01,16,5
2025-02-01,16,5.6
2025-03-01,16,7.3
2025-04-01,16,7.9
2025-05-01,16,7.7
2025-06-01,16,7.4
2025-07-01,16,7.3
2025-08-01,16,5.9
2025-09-01,16,5.3
2025-10-01,16,4.2
2025-11-01,16,4.2
2025-12-01,16,4.1
2020-01-01,17,5.2
2020-02-01,17,4.9
2020-03-01,17,6.8
2020-04-01,17,7.1
2020-05-01,17,8
2020-06-01,17,7.4
2020-07-01,17,6.7
2020-08-01,17,5.6
2020-09-01,17,4.7
2020-10-01,17,4.5
2020-11-01,17,3.8
2020-12-01,17,4.2
2021-01-01,17,5.8
2021-02-01,17,6.2
2021-03-01,17,7
2021-04-01,17,7.8
2021-05-01,17,8
2021-06-01,17,7.8
2021-07-01,17,5.8
2021-08-01,17,5.1
2021-09-01,17,5.1
2021-10-01,17,4.1
2021-11-01,17,4.7
2021-12-01,17,4.4
2022-01-01,17,4.7
2022-02-01,17,5.2
2022-03-01,17,6.9
2022-04-01,17,7.8
2022-05-01,17,8.1
2022-06-01,17,7.9
2022-07-01,17,7
2022-08-01,17,6.6
2022-09-01,17,4.7
2022-10-01,17,4.2
2022-11-01,17,3.7
2022-12-01,17,4.6
2023-01-01,17,6
2023-02-01,17,5.4
2023-03-01,17,6.8
2023-04-01,17,6.9
2023-05-01,17,7.7
2023-06-01,17,8.2
2023-07-01,17,7.1
2023-08-01,17,5.9
2023-09-01,17,4
2023-10-01,17,2.9
2023-11-01,17,3.7
2023-12-01,17,3.6
2024-01-01,17,5
2024-02-01,17,6.2
2024-03-01,17,6.8
2024-04-01,17,7.7
2024-05-01,17,8.3
2024-06-01,17,7.9
2024-07-01,17,7.3
2024-08-01,17,6
2024-09-01,17,5.2
2024-10-01,17,4
2024-11-01,17,3.5
2024-12-01,17,4.1
2025-01-01,17,4.5
2025-02-01,17,5.4
2025-03-01,17,7.7
2025-04-01,17,7.8
2025-05-01,17,8
2025-06-01,17,8
2025-07-01,17,7.4
2025-08-01,17,5.7
2025-09-01,17,4.8
2025-10-01,17,3.9
2025-11-01,17,4.1
2025-12-01,17,4.3
2020-01-01,18,5.2
2020-02-01,18,6.1
2020-03-01,18,7.1
2020-04-01,18,7.6
2020-05-01,18,7.4
2020-06-01,18,8.2
2020-07-01,18,7.2
2020-08-01,18,6.5
2020-09-01,18,4.8
2020-10-01,18,3.9
2020-11-01,18,4.3
2020-12-01,18,3.6
2021-01-01,18,5.3
2021-02-01,18,6.3
2021-03-01,18,7
2021-04-01,18,7.8
2021-05-01,18,8.2
2021-06-01,18,8
2021-07-01,18,7.1
2021-08-01,18,6.2
2021-09-01,18,5
2021-10-01,18,5
2021-11-01,18,4.2
2021-12-01,18,4.1
2022-01-01,18,5
2022-02-01,18,5.7
2022-03-01,18,7.2
2022-04-01,18,7.1
2022-05-01,18,7.4
2022-06-01,18,8.4
2022-07-01,18,7.7
2022-08-01,18,6
2022-09-01,18,5
2022-10-01,18,4.6
2022-11-01,18,3.7
2022-12-01,18,3.9
2023-01-01,18,5
2023-02-01,18,6.1
2023-03-01,18,8
2023-04-01,18,7.7
2023-05-01,18,7.8
2023-06-01,18,8.2
2023-07-01,18,6.6
2023-08-01,18,6.4
2023-09-01,18,4.8
2023-10-01,18,3.5
2023-11-01,18,4
2023-12-01,18,4.5
2024-01-01,18,5
2024-02-01,18,6.2
2024-03-01,18,7
2024-04-01,18,7.8
2024-05-01,18,7.2
2024-06-01,18,8.5
2024-07-01,18,7.1
2024-08-01,18,5.6
2024-09-01,18,4.5
2024-10-01,18,4.4
2024-11-01,18,3.7
2024-12-01,18,4.3
2025-01-01,18,4.7
2025-02-01,18,6.4
2025-03-01,18,7.5
2025-04-01,18,7.9
2025-05-01,18,8.4
2025-06-01,18,7.3
2025-07-01,18,6.9
2025-08-01,18,6.8
2025-09-01,18,5.3
2025-10-01,18,4.9
2025-11-01,18,4
2025-12-01,18,3.5
2020-01-01,19,5.3
2020-02-01,19,5.4
2020-03-01,19,8
2020-04-01,19,7.6
2020-05-01,19,8.2
2020-06-01,19,7.8
2020-07-01,19,7.1
2020-08-01,19,6.2
2020-09-01,19,5.1
2020-10-01,19,4.6
2020-11-01,19,4.5
2020-12-01,19,4.8
2021-01-01,19,4.9
2021-02-01,19,6.3
2021-03-01,19,6.6
2021-04-01,19,7.2
2021-05-01,19,8.1
2021-06-01,19,8.1
2021-07-01,19,7
2021-08-01,19,6.5
2021-09-01,19,5.4
2021-10-01,19,4.7
2021-11-01,19,3.6
2021-12-01,19,3.6
2022-01-01,19,5
2022-02-01,19,5.8
2022-03-01,19,7
2022-04-01,19,7.1
2022-05-01,19,8.5
2022-06-01,19,8.1
2022-07-01,19,7.3
2022-08-01,19,6.7
2022-09-01,19,5
2022-10-01,19,5
2022-11-01,19,3.8
2022-12-01,19,3.8
2023-01-01,19,5.3
2023-02-01,19,6
2023-03-01,19,7
2023-04-01,19,7.4
2023-05-01,19,7.9
2023-06-01,19,7.8
2023-07-01,19,7.1
2023-08-01,19,6.4
2023-09-01,19,4.2
2023-10-01,19,4.8
2023-11-01,19,4.4
2023-12-01,19,3.5
2024-01-01,19,5
2024-02-01,19,5.9
2024-03-01,19,7.3
2024-04-01,19,8.3
2024-05-01,19,8.1
2024-06-01,19,7.7
2024-07-01,19,7.5
2024-08-01,19,6
2024-09-01,19,5.3
2024-10-01,19,4.2
2024-11-01,19,4.3
2024-12-01,19,4.6
2025-01-01,19,4.7
2025-02-01,19,5.7
2025-03-01,19,7.3
2025-04-01,19,8.2
2025-05-01,19,8.4
2025-06-01,19,8.3
2025-07-01,19,6.9
2025-08-01,19,6.1
2025-09-01,19,5.5
2025-10-01,19,4.1
2025-11-01,19,4.2
2025-12-01,19,4.2
2020-01-01,20,5
2020-02-01,20,5.6
2020-03-01,20,7
2020-04-01,20,7.6
2020-05-01,20,8.6
2020-06-01,20,7.3
2020-07-01,20,7.4
2020-08-01,20,6.6
2020-09-01,20,5.3
2020-10-01,20,4.1
2020-11-01,20,4.6
2020-12-01,20,4.3
2021-01-01,20,5.2
2021-02-01,20,5.9
2021-03-01,20,6.9
2021-04-01,20,7.8
2021-05-01,20,8.6
2021-06-01,20,7.5
2021-07-01,20,6.7
2021-08-01,20,6.2
2021-09-01,20,5.7
2021-10-01,20,3.9
2021-11-01,20,3.7
2021-12-01,20,3.5
2022-01-01,20,5
2022-02-01,20,5.9
2022-03-01,20,6.8
2022-04-01,20,8
2022-05-01,20,7.9
2022-06-01,20,7.6
2022-07-01,20,6.8
2022-08-01,20,5.8
2022-09-01,20,5.5
2022-10-01,20,4.6
2022-11-01,20,4
2022-12-01,20,4.1
2023-01-01,20,5.2
2023-02-01,20,5.8
2023-03-01,20,7.2
2023-04-01,20,7.6
2023-05-01,20,8
2023-06-01,20,7.8
2023-07-01,20,7.4
2023-08-01,20,6.3
2023-09-01,20,4.7
2023-10-01,20,4.2
2023-11-01,20,3.8
2023-12-01,20,4.1
2024-01-01,20,5.1
2024-02-01,20,5.8
2024-03-01,20,7
2024-04-01,20,7.6
2024-05-01,20,7.3
2024-06-01,20,7.2
2024-07-01,20,7.1
2024-08-01,20,6.1
2024-09-01,20,4
2024-10-01,20,4.9
2024-11-01,20,3.4
2024-12-01,20,4.7
2025-01-01,20,5
2025-02-01,20,6.1
2025-03-01,20,7.3
2025-04-01,20,7.7
2025-05-01,20,7.8
2025-06-01,20,8.1
2025-07-01,20,6.8
2025-08-01,20,5.9
2025-09-01,20,5.8
2025-10-01,20,4.3
2025-11-01,20,4.7
2025-12-01,20,3.6
2020-01-01,21,4.5
2020-02-01,21,5.8
2020-03-01,21,6.4
2020-04-01,21,8.2
2020-05-01,21,8.2
2020-06-01,21,8.7
2020-07-01,21,6.6
2020-08-01,21,6.2
2020-09-01,21,5
2020-10-01,21,4.2
2020-11-01,21,3.7
2020-12-01,21,4.8
2021-01-01,21,5.4
2021-02-01,21,6.9
2021-03-01,21,7.3
2021-04-01,21,7.7
2021-05-01,21,7.4
2021-06-01,21,8.2
2021-07-01,21,6.9
2021-08-01,21,7.1
2021-09-01,21,4.5
2021-10-01,21,4.1
2021-11-01,21,4.6
2021-12-01,21,3.9
2022-01-01,21,5.2
2022-02-01,21,5.6
2022-03-01,21,7.2
2022-04-01,21,7.6
2022-05-01,21,8.4
2022-06-01,21,8.3
2022-07-01,21,7.3
2022-08-01,21,6
2022-09-01,21,4.1
2022-10-01,21,4.1
2022-11-01,21,3.8
2022-12-01,21,4.4
2023-01-01,21,4.8
2023-02-01,21,6.3
2023-03-01,21,7.1
2023-04-01,21,7.8
2023-05-01,21,8.2
2023-06-01,21,8.4
2023-07-01,21,7.6
2023-08-01,21,6.3
2023-09-01,21,4.9
2023-10-01,21,4.5
2023-11-01,21,3.8
2023-12-01,21,4.1
2024-01-01,21,5.3
2024-02-01,21,5.8
2024-03-01,21,6.6
2024-04-01,21,8.2
2024-05-01,21,8
2024-06-01,21,7.8
2024-07-01,21,7.6
2024-08-01,21,6.7
2024-09-01,21,4.5
2024-10-01,21,4.2
2024-11-01,21,4.5
2024-12-01,21,4.7
2025-01-01,21,5.6
2025-02-01,21,5.6
2025-03-01,21,6.3
2025-04-01,21,7.3
2025-05-01,21,8.3
2025-06-01,21,8.1
2025-07-01,21,6.8
2025-08-01,21,6.4
2025-09-01,21,5.1
2025-10-01,21,4.2
2025-11-01,21,3.6
2025-12-01,21,3.9
2020-01-01,22,5.1
2020-02-01,22,6
2020-03-01,22,7.2
2020-04-01,22,7.3
2020-05-01,22,7.9
2020-06-01,22,7.1
2020-07-01,22,6.3
2020-08-01,22,5.4
2020-09-01,22,4.5
2020-10-01,22,4
2020-11-01,22,3.7
2020-12-01,22,5.3
2021-01-01,22,4.9
2021-02-01,22,6.3
2021-03-01,22,7
2021-04-01,22,7.7
2021-05-01,22,7.9
2021-06-01,22,7.3
2021-07-01,22,6.5
2021-08-01,22,6.1
2021-09-01,22,4.2
2021-10-01,22,5
2021-11-01,22,4.4
2021-12-01,22,4.6
2022-01-01,22,4.9
2022-02-01,22,5.6
2022-03-01,22,6.8
2022-04-01,22,6.8
2022-05-01,22,7.8
2022-06-01,22,7.9
2022-07-01,22,7.3
2022-08-01,22,6.4
2022-09-01,22,4.4
2022-10-01,22,3.2
2022-11-01,22,3.3
2022-12-01,22,3.7
2023-01-01,22,4.6
2023-02-01,22,6.5
2023-03-01,22,7.3
2023-04-01,22,7.7
2023-05-01,22,7.4
2023-06-01,22,7.7
2023-07-01,22,6.6
2023-08-01,22,6.4
2023-09-01,22,5
2023-10-01,22,3.9
2023-11-01,22,4.5
2023-12-01,22,4.4
2024-01-01,22,5.2
2024-02-01,22,5.7
2024-03-01,22,7.8
2024-04-01,22,7.3
2024-05-01,22,7.2
2024-06-01,22,8
2024-07-01,22,6.5
2024-08-01,22,5.5
2024-09-01,22,5.3
2024-10-01,22,3.9
2024-11-01,22,3.9
2024-12-01,22,4
2025-01-01,22,5.2
2025-02-01,22,6
2025-03-01,22,6.6
2025-04-01,22,7.6
2025-05-01,22,7.9
2025-06-01,22,7.6
2025-07-01,22,6.8
2025-08-01,22,5.6
2025-09-01,22,4.7
2025-10-01,22,4.3
2025-11-01,22,4.2
2025-12-01,22,4
2020-01-01,23,5
2020-02-01,23,6.5
2020-03-01,23,6.8
2020-04-01,23,7.6
2020-05-01,23,8
2020-06-01,23,7.4
2020-07-01,23,6.8
2020-08-01,23,5.5
2020-09-01,23,5.7
2020-10-01,23,4.7
2020-11-01,23,3.9
2020-12-01,23,4.1
2021-01-01,23,4.3
2021-02-01,23,6.3
2021-03-01,23,7.2
2021-04-01,23,8.2
2021-05-01,23,8.2
2021-06-01,23,7.5
2021-07-01,23,7
2021-08-01,23,6.2
2021-09-01,23,4.7
2021-10-01,23,3.8
2021-11-01,23,3.8
2021-12-01,23,4.3
2022-01-01,23,5.5
2022-02-01,23,5.8
2022-03-01,23,6.5
2022-04-01,23,7.3
2022-05-01,23,7.9
2022-06-01,23,7.9
2022-07-01,23,6.8
2022-08-01,23,6.2
2022-09-01,23,4.7
2022-10-01,23,3.4
2022-11-01,23,4.1
2022-12-01,23,4.7
2023-01-01,23,5.1
2023-02-01,23,5.9
2023-03-01,23,6.7
2023-04-01,23,8.3
2023-05-01,23,8.1
2023-06-01,23,7.7
2023-07-01,23,7.3
2023-08-01,23,5.8
2023-09-01,23,5.2
2023-10-01,23,5.3
2023-11-01,23,4.2
2023-12-01,23,4.8
2024-01-01,23,5.1
2024-02-01,23,5.9
2024-03-01,23,6.7
2024-04-01,23,8.1
2024-05-01,23,8
2024-06-01,23,7.6
2024-07-01,23,8.1
2024-08-01,23,5.4
2024-09-01,23,5.2
2024-10-01,23,3.9
2024-11-01,23,4.7
2024-12-01,23,3.8
2025-01-01,23,4.7
2025-02-01,23,5.7
2025-03-01,23,7
2025-04-01,23,7.2
2025-05-01,23,8.5
2025-06-01,23,7.1
2025-07-01,23,7.5
2025-08-01,23,6.2
2025-09-01,23,4.5
2025-10-01,23,4.3
2025-11-01,23,4.6
2025-12-01,23,4.6
2020-01-01,24,4.8
2020-02-01,24,6.8
2020-03-01,24,7.2
2020-04-01,24,7.7
2020-05-01,24,7.7
2020-06-01,24,8.1
2020-07-01,24,7.9
2020-08-01,24,5.1
2020-09-01,24,5.7
2020-10-01,24,4.7
2020-11-01,24,3.7
2020-12-01,24,4.5
2021-01-01,24,5.1
2021-02-01,24,5.9
2021-03-01,24,7.4
2021-04-01,24,6.7
2021-05-01,24,7.9
2021-06-01,24,7.5
2021-07-01,24,6.8
2021-08-01,24,6.3
2021-09-01,24,4.9
2021-10-01,24,4.7
2021-11-01,24,4.1
2021-12-01,24,4
2022-01-01,24,5
2022-02-01,24,6.3
2022-03-01,24,7.4
2022-04-01,24,7.8
2022-05-01,24,7.6
2022-06-01,24,7.6
2022-07-01,24,7.4
2022-08-01,24,5.7
2022-09-01,24,4.6
2022-10-01,24,4.6
2022-11-01,24,3.4
2022-12-01,24,4.5
2023-01-01,24,4.9
2023-02-01,24,5.9
2023-03-01,24,7.2
2023-04-01,24,8.1
2023-05-01,24,7.4
2023-06-01,24,8.2
2023-07-01,24,7.7
2023-08-01,24,6
2023-09-01,24,5.1
2023-10-01,24,4
2023-11-01,24,3.6
2023-12-01,24,4.7
2024-01-01,24,5
2024-02-01,24,7.1
2024-03-01,24,7.9
2024-04-01,24,8
2024-05-01,24,8.3
2024-06-01,24,7.9
2024-07-01,24,6.8
2024-08-01,24,6.1
2024-09-01,24,4.2
2024-10-01,24,3.8
2024-11-01,24,3.4
2024-12-01,24,4.3
2025-01-01,24,5
2025-02-01,24,6.3
2025-03-01,24,6.9
2025-04-01,24,7.3
2025-05-01,24,7.8
2025-06-01,24,7.5
2025-07-01,24,6.8
2025-08-01,24,5.4
2025-09-01,24,5.4
2025-10-01,24,3.9
2025-11-01,24,4
2025-12-01,24,4.1
2020-01-01,25,4.8
2020-02-01,25,5.7
2020-03-01,25,6.4
2020-04-01,25,7.2
2020-05-01,25,8.1
2020-06-01,25,7.7
2020-07-01,25,7.1
2020-08-01,25,7
2020-09-01,25,5
2020-10-01,25,3.9
2020-11-01,25,4.1
2020-12-01,25,3.5
2021-01-01,25,4.8
2021-02-01,25,6.1
2021-03-01,25,7.2
2021-04-01,25,7.2
2021-05-01,25,8.3
2021-06-01,25,7.3
2021-07-01,25,6.7
2021-08-01,25,5.4
2021-09-01,25,4.5
2021-10-01,25,4.2
2021-11-01,25,4.1
2021-12-01,25,4.1
2022-01-01,25,5.1
2022-02-01,25,6.1
2022-03-01,25,7.2
2022-04-01,25,7.7
2022-05-01,25,8.1
2022-06-01,25,8
2022-07-01,25,6.7
2022-08-01,25,6.7
2022-09-01,25,5.2
2022-10-01,25,4.1
2022-11-01,25,3.8
2022-12-01,25,3.9
2023-01-01,25,5.2
2023-02-01,25,6.1
2023-03-01,25,6.6
2023-04-01,25,7.2
2023-05-01,25,8
2023-06-01,25,7.9
2023-07-01,25,7.4
2023-08-01,25,6.2
2023-09-01,25,5.2
2023-10-01,25,4.4
2023-11-01,25,4.4
2023-12-01,25,3.7
2024-01-01,25,5.1
2024-02-01,25,5.4
2024-03-01,25,7.3
2024-04-01,25,7.4
2024-05-01,25,7.9
2024-06-01,25,7.9
2024-07-01,25,6.8
2024-08-01,25,5.5
2024-09-01,25,5.2
2024-10-01,25,4.7
2024-11-01,25,4.2
2024-12-01,25,3.9
2025-01-01,25,4.8
2025-02-01,25,6.7
2025-03-01,25,7.7
2025-04-01,25,7.4
2025-05-01,25,7.2
2025-06-01,25,8.1
2025-07-01,25,7.6
2025-08-01,25,6.2
2025-09-01,25,5.3
2025-10-01,25,4.4
2025-11-01,25,4.2
2025-12-01,25,4.1
2020-01-01,26,5.3
2020-02-01,26,5.9
2020-03-01,26,6.8
2020-04-01,26,7.5
2020-05-01,26,8.7
2020-06-01,26,7.5
2020-07-01,26,7.7
2020-08-01,26,5.8
2020-09-01,26,4.9
2020-10-01,26,3.9
2020-11-01,26,3.7
2020-12-01,26,4
2021-01-01,26,5.8
2021-02-01,26,5.9
2021-03-01,26,6.2
2021-04-01,26,8.4
2021-05-01,26,8.1
2021-06-01,26,7.7
2021-07-01,26,6.6
2021-08-01,26,5.7
2021-09-01,26,4.7
2021-10-01,26,4.3
2021-11-01,26,3.9
2021-12-01,26,4.2
2022-01-01,26,4.3
2022-02-01,26,5
2022-03-01,26,7.1
2022-04-01,26,8.3
2022-05-01,26,8
2022-06-01,26,7.1
2022-07-01,26,6.8
2022-08-01,26,6
2022-09-01,26,5.3
2022-10-01,26,4
2022-11-01,26,4.3
2022-12-01,26,4.9
2023-01-01,26,5.4
2023-02-01,26,6
2023-03-01,26,6.9
2023-04-01,26,7.9
2023-05-01,26,8.3
2023-06-01,26,7.1
2023-07-01,26,7.5
2023-08-01,26,6.6
2023-09-01,26,5.2
2023-10-01,26,3.8
2023-11-01,26,4.1
2023-12-01,26,5.1
2024-01-01,26,5.2
2024-02-01,26,5.5
2024-03-01,26,7
2024-04-01,26,8.1
2024-05-01,26,7.7
2024-06-01,26,7.7
2024-07-01,26,6.4
2024-08-01,26,6.3
2024-09-01,26,5.4
2024-10-01,26,3.1
2024-11-01,26,4.3
2024-12-01,26,4.7
2025-01-01,26,5.3
2025-02-01,26,6.4
2025-03-01,26,6.6
2025-04-01,26,7.4
2025-05-01,26,7.7
2025-06-01,26,8.3
2025-07-01,26,7.1
2025-08-01,26,6
2025-09-01,26,5.1
2025-10-01,26,4.4
2025-11-01,26,2.9
2025-12-01,26,3.7
2020-01-01,27,5.3
2020-02-01,27,6
2020-03-01,27,6.7
2020-04-01,27,8
2020-05-01,27,7.9
2020-06-01,27,7.4
2020-07-01,27,6.7
2020-08-01,27,6.1
2020-09-01,27,5.6
2020-10-01,27,4
2020-11-01,27,3.7
2020-12-01,27,3.9
2021-01-01,27,4.3
2021-02-01,27,5.7
2021-03-01,27,7.2
2021-04-01,27,7.6
2021-05-01,27,7.6
2021-06-01,27,7.2
2021-07-01,27,7.6
2021-08-01,27,6.1
2021-09-01,27,4.7
2021-10-01,27,3.8
2021-11-01,27,3.7
2021-12-01,27,4.2
2022-01-01,27,5.6
2022-02-01,27,6.2
2022-03-01,27,6.9
2022-04-01,27,7.3
2022-05-01,27,7.9
2022-06-01,27,8
2022-07-01,27,7.4
2022-08-01,27,6.4
2022-09-01,27,5
2022-10-01,27,4.5
2022-11-01,27,4
2022-12-01,27,4.5
2023-01-01,27,5.2
2023-02-01,27,6.1
2023-03-01,27,7
2023-04-01,27,7.6
2023-05-01,27,8.6
2023-06-01,27,8.4
2023-07-01,27,6.7
2023-08-01,27,6
2023-09-01,27,4.6
2023-10-01,27,3.8
2023-11-01,27,4
2023-12-01,27,4.8
2024-01-01,27,4.8
2024-02-01,27,5.8
2024-03-01,27,6.8
2024-04-01,27,7.1
2024-05-01,27,8.3
2024-06-01,27,6.9
2024-07-01,27,7.6
2024-08-01,27,6.7
2024-09-01,27,4.9
2024-10-01,27,4.6
2024-11-01,27,4
2024-12-01,27,4.5
2025-01-01,27,4.9
2025-02-01,27,5.3
2025-03-01,27,7
2025-04-01,27,7.3
2025-05-01,27,8.1
2025-06-01,27,8.3
2025-07-01,27,6.2
2025-08-01,27,6.1
2025-09-01,27,5.2
2025-10-01,27,4.6
2025-11-01,27,4.4
2025-12-01,27,4.5
2020-01-01,28,4.1
2020-02-01,28,5.5
2020-03-01,28,7.6
2020-04-01,28,7.7
2020-05-01,28,7.8
2020-06-01,28,7.9
2020-07-01,28,6.7
2020-08-01,28,6
2020-09-01,28,5.5
2020-10-01,28,4.9
2020-11-01,28,4
2020-12-01,28,4.9
2021-01-01,28,4.7
2021-02-01,28,5.9
2021-03-01,28,7
2021-04-01,28,7.6
2021-05-01,28,7.7
2021-06-01,28,7.1
2021-07-01,28,6.4
2021-08-01,28,6.4
2021-09-01,28,5.5
2021-10-01,28,4.4
2021-11-01,28,4.5
2021-12-01,28,4.5
2022-01-01,28,5.3
2022-02-01,28,5.7
2022-03-01,28,6.9
2022-04-01,28,7.4
2022-05-01,28,7.6
2022-06-01,28,8
2022-07-01,28,6.9
2022-08-01,28,5.7
2022-09-01,28,5.3
2022-10-01,28,3.7
2022-11-01,28,4.1
2022-12-01,28,4.7
2023-01-01,28,5.2
2023-02-01,28,6.3
2023-03-01,28,6.7
2023-04-01,28,7.3
2023-05-01,28,8.4
2023-06-01,28,7.8
2023-07-01,28,7.2
2023-08-01,28,6.1
2023-09-01,28,5.4
2023-10-01,28,4.2
2023-11-01,28,3.6
2023-12-01,28,4
2024-01-01,28,5.1
2024-02-01,28,6.8
2024-03-01,28,6.8
2024-04-01,28,7.8
2024-05-01,28,7.5
2024-06-01,28,8.1
2024-07-01,28,6.4
2024-08-01,28,5.9
2024-09-01,28,5.6
2024-10-01,28,4
2024-11-01,28,3.5
2024-12-01,28,4.3
2025-01-01,28,5.5
2025-02-01,28,5.8
2025-03-01,28,7.4
2025-04-01,28,7.8
2025-05-01,28,8.5
2025-06-01,28,7.7
2025-07-01,28,7.3
2025-08-01,28,6.7
2025-09-01,28,5.5
2025-10-01,28,4.8
2025-11-01,28,4.7
2025-12-01,28,4.6
2020-01-01,29,4.6
2020-02-01,29,6.5
2020-03-01,29,6.9
2020-04-01,29,7.5
2020-05-01,29,7.9
2020-06-01,29,7.7
2020-07-01,29,6.9
2020-08-01,29,6
2020-09-01,29,4.6
2020-10-01,29,4.2
2020-11-01,29,3.9
2020-12-01,29,4.2
2021-01-01,29,4.9
2021-02-01,29,6
2021-03-01,29,6.5
2021-04-01,29,8.6
2021-05-01,29,7.9
2021-06-01,29,8.3
2021-07-01,29,6.3
2021-08-01,29,5.9
2021-09-01,29,4.4
2021-10-01,29,4.4
2021-11-01,29,3.7
2021-12-01,29,3.7
2022-01-01,29,5.1
2022-02-01,29,6.3
2022-03-01,29,6
2022-04-01,29,6.8
2022-05-01,29,7.5
2022-06-01,29,8
2022-07-01,29,7.1
2022-08-01,29,5.5
2022-09-01,29,5.9
2022-10-01,29,4.5
2022-11-01,29,4.3
2022-12-01,29,3.4
2023-01-01,29,4.6
2023-02-01,29,5.8
2023-03-01,29,7.3
2023-04-01,29,8.4
2023-05-01,29,7.9
2023-06-01,29,7.4
2023-07-01,29,6.9
2023-08-01,29,6.1
2023-09-01,29,5.1
2023-10-01,29,4
2023-11-01,29,4.2
2023-12-01,29,3.7
2024-01-01,29,5.5
2024-02-01,29,6.2
2024-03-01,29,7.1
2024-04-01,29,7.9
2024-05-01,29,8.2
2024-06-01,29,7.8
2024-07-01,29,6.6
2024-08-01,29,5.5
2024-09-01,29,5.4
2024-10-01,29,4.3
2024-11-01,29,4
2024-12-01,29,4.2
2025-01-01,29,6
2025-02-01,29,5.8
2025-03-01,29,6.3
2025-04-01,29,7.7
2025-05-01,29,7.8
2025-06-01,29,7.2
2025-07-01,29,7.2
2025-08-01,29,6.1
2025-09-01,29,4.6
2025-10-01,29,4.1
2025-11-01,29,3.6
2025-12-01,29,5.1
2020-01-01,30,5.2
2020-02-01,30,6.3
2020-03-01,30,7.4
2020-04-01,30,7.4
2020-05-01,30,7.9
2020-06-01,30,7.5
2020-07-01,30,6.9
2020-08-01,30,5.8
2020-09-01,30,4.6
2020-10-01,30,4.2
2020-11-01,30,4
2020-12-01,30,3.9
2021-01-01,30,5
2021-02-01,30,5.9
2021-03-01,30,6.8
2021-04-01,30,7.4
2021-05-01,30,8.7
2021-06-01,30,8.2
2021-07-01,30,7.4
2021-08-01,30,6.7
2021-09-01,30,4.6
2021-10-01,30,4.5
2021-11-01,30,4.5
2021-12-01,30,4.6
2022-01-01,30,5
2022-02-01,30,6.3
2022-03-01,30,6.8
2022-04-01,30,7.7
2022-05-01,30,6.9
2022-06-01,30,7.1
2022-07-01,30,7
2022-08-01,30,6.3
2022-09-01,30,4.9
2022-10-01,30,4.6
2022-11-01,30,4
2022-12-01,30,4.7
2023-01-01,30,5
2023-02-01,30,6.2
2023-03-01,30,7.2
2023-04-01,30,8
2023-05-01,30,8.4
2023-06-01,30,8.3
2023-07-01,30,6.9
2023-08-01,30,6.7
2023-09-01,30,4.2
2023-10-01,30,4.1
2023-11-01,30,3.9
2023-12-01,30,4.3
2024-01-01,30,5.4
2024-02-01,30,6.2
2024-03-01,30,7.2
2024-04-01,30,7.6
2024-05-01,30,7.9
2024-06-01,30,7.7
2024-07-01,30,6.7
2024-08-01,30,5.7
2024-09-01,30,4.8
2024-10-01,30,3.5
2024-11-01,30,3.7
2024-12-01,30,4.1
2025-01-01,30,5.3
2025-02-01,30,6
2025-03-01,30,6.6
2025-04-01,30,7.4
2025-05-01,30,8.3
2025-06-01,30,7.6
2025-07-01,30,7.2
2025-08-01,30,5.6
2025-09-01,30,4.7
2025-10-01,30,4.2
2025-11-01,30,4
2025-12-01,30,4.8